muni_id,name,county,admin_region
09576111,Abenberg,,
09576451,Abenberger Wald,,
09577111,Absberg,,
09675111,Abtswind,,
09276111,Achslach,,
09572111,Adelsdorf,,
09571111,Adelshofen,,
09179111,Adelshofen,,
09772111,Adelsried,,
09771111,Adelzhausen,,
09274111,Adlkofen,,
09771112,Affing,,
09274112,Aham,,
09278112,Aholfing,,
09271111,Aholming,,
09473112,Ahorn,,
09472111,Ahorntal,,
09275111,Aicha vorm Wald,,
09771113,Aichach,,
09774166,Aichen,,
09275112,Aidenbach,,
09674111,Aidhausen,,
09273113,Aiglsbach,,
09771114,Aindling,,
09172111,Ainring,,
09278113,Aiterhofen,,
09777111,Aitrang,,
09187186,Albaching,,
09675112,Albertshofen,,
09275114,Aldersbach,,
09779111,Alerheim,,
09577113,Alesheim,,
09774111,Aletshausen,,
09574111,Alfeld,,
09178113,Allershausen,,
09179113,Alling,,
09772114,Allmannshofen,,
09274113,Altdorf,,
09574112,Altdorf bei Nürnberg,,
09375113,Alteglofsheim,,
09676111,Altenbuch,,
09376112,Altendorf,,
09471111,Altendorf,,
09478111,Altenkunstadt,,
09189111,Altenmarkt an der Alz,,
09772115,Altenmünster,,
09190111,Altenstadt,,
09775111,Altenstadt,,
09374111,Altenstadt an der Waldnaab,,
09375114,Altenthann,,
09679165,Altertheim,,
09274114,Altfraunhofen,,
09179114,Althegnenberg,,
09174111,Altomünster,,
09780112,Altusried,,
09171111,Altötting,,
09671111,Alzenau,,
09778111,Amberg,,
09361000,Amberg,,
09779112,Amerdingen,,
09181451,Ammersee,,
09188117,Andechs,,
09172112,Anger,,
09272451,Annathaler Wald,,
09561000,Ansbach,,
09190113,Antdorf,,
09175111,Anzing,,
09175451,Anzinger Forst,,
09181111,Apfeldorf,,
09778113,Apfeltrach,,
09571113,Arberg,,
09185113,Aresing,,
09372112,Arnschwang,,
09677114,Arnstein,,
09277111,Arnstorf,,
09372113,Arrach,,
09479112,Arzberg,,
09779115,Asbach-Bäumenheim,,
09278116,Ascha,,
09183113,Aschau am Inn,,
09187114,Aschau im Chiemgau,,
09184112,Aschheim,,
09273115,Attenhofen,,
09178115,Attenkirchen,,
09278117,Atting,,
09178116,Au in der Hallertau,,
09679114,Aub,,
09271113,Auerbach,,
09371113,Auerbach in der Oberpfalz,,
09472115,Aufseß,,
09761000,Augsburg,,
09779117,Auhausen,,
09672111,Aura an der Saale,,
09677116,Aura im Sinngrund,,
09571114,Aurach,,
09572114,Aurachtal,,
09775451,Auwald,,
09271114,Außernzell,,
09184137,Aying,,
09772117,Aystetten,,
09175112,Aßling,,
09771176,Baar,,
09778115,Babenhausen,,
09187116,Babensham,,
09773112,Bachhagel,,
09273116,Bad Abbach,,
09187117,Bad Aibling,,
09479111,Bad Alexandersbad,,
09180113,Bad Bayersoien,,
09472116,Bad Berneck im Fichtelgebirge,,
09277113,Bad Birnbach,,
09672112,Bad Bocklet,,
09672113,Bad Brückenau,,
09187128,Bad Endorf,,
09187129,Bad Feilnbach,,
09275116,Bad Füssing,,
09275124,Bad Griesbach im Rottal,,
09778144,Bad Grönenbach,,
09173111,Bad Heilbrunn,,
09780123,Bad Hindelang,,
09673141,Bad Königshofen im Grabfeld,,
09372137,Bad Kötzting,,
09377142,Bad Neualbenreuth,,
09673114,Bad Neustadt an der Saale,,
09478165,Bad Staffelstein,,
09475112,Bad Steben,,
09173112,Bad Tölz,,
09479166,Bad Weißenstadt,,
09182111,Bad Wiessee,,
09575112,Bad Windsheim,,
09778116,Bad Wörishofen,,
09274118,Baierbach,,
09184113,Baierbrunn,,
09175113,Baiern,,
09572115,Baiersdorf,,
09777114,Baisweil,,
09780113,Balderschwang,,
09774115,Balzhausen,,
09673116,Bastheim,,
09575113,Baudenbach,,
09471115,Baunach,,
09277112,Bayerbach,,
09274119,Bayerbach bei Ergoldsbach,,
09172115,Bayerisch Gmain,,
09182112,Bayrischzell,,
09571115,Bechhofen,,
09374170,Bechtsrieth,,
09574451,Behringersdorfer Forst,,
09775115,Bellenberg,,
09173113,Benediktbeuern,,
09778118,Benningen,,
09172116,Berchtesgaden,,
09475113,Berg,,
09188113,Berg,,
09373113,Berg bei Neumarkt in der Oberpfalz,,
09185116,Berg im Gau,,
09189113,Bergen,,
09577115,Bergen,,
09185118,Bergheim,,
09174113,Bergkirchen,,
09177112,Berglern,,
09679117,Bergtheim,,
09187118,Bernau am Chiemsee,,
09190114,Bernbeuren,,
09373114,Berngau,,
09271116,Bernried,,
09671112,Bessenbach,,
09472118,Betzenstein,,
09780114,Betzigau,,
09275117,Beutelsbach,,
09772121,Biberbach,,
09777118,Bidingen,,
09675113,Biebelried,,
09679118,Bieberehren,,
09777112,Biessenhofen,,
09472119,Bindlach,,
09371116,Birgland,,
09572451,Birkach,,
09476451,Birnbaum,,
09471117,Bischberg,,
09677120,Bischbrunn,,
09472121,Bischofsgrün,,
09472451,Bischofsgrüner Forst,,
09673117,Bischofsheim in der Rhön,,
09172117,Bischofswiesen,,
09773117,Bissingen,,
09780115,Blaichach,,
09671113,Blankenbach,,
09773119,Blindheim,,
09772125,Bobingen,,
09177113,Bockhorn,,
09274120,Bodenkirchen,,
09776111,Bodolz,,
09278118,Bogen,,
09780116,Bolsterlang,,
09772126,Bonstetten,,
09778120,Boos,,
09377113,Brand,,
09187120,Brannenburg,,
09674118,Breitbrunn,,
09187121,Breitbrunn am Chiemsee,,
09275118,Breitenberg,,
09778121,Breitenbrunn,,
09471119,Breitengüßbach,,
09478451,Breitengüßbacher Forst,,
09774117,Breitenthal,,
09175114,Bruck,,
09376117,Bruck in der Oberpfalz,,
09571122,Bruckberg,,
09187122,Bruckmühl,,
09574452,Brunn,,
09185123,Brunnen,,
09184114,Brunnthal,,
09572119,Bubenreuth,,
09774118,Bubesheim,,
09177114,Buch am Buchrain,,
09274121,Buch am Erlbach,,
09775118,Buch/Bayern,,
09183114,Buchbach,,
09675114,Buchbrunn,,
09779126,Buchdorf,,
09780117,Buchenberg,,
09271118,Buchhofen,,
09777121,Buchloe,,
09572120,Buckenhof,,
09572452,Buckenhofer Forst,,
09673451,Bundorfer Forst,,
09774121,Burgau,,
09780118,Burgberg im Allgäu,,
09471120,Burgebrach,,
09190118,Burggen,,
09575116,Burghaslach,,
09171112,Burghausen,,
09185125,Burgheim,,
09677452,Burgjoß,,
09171113,Burgkirchen an der Alz,,
09376119,Burglengenfeld,,
09674121,Burgpreppach,,
09577120,Burgsalach,,
09677122,Burgsinn,,
09574117,Burgthann,,
09673452,Burgwallbacher Forst,,
09471122,Burgwindheim,,
09571128,Burk,,
09672117,Burkardroth,,
09774122,Burtenbach,,
09778123,Buxheim,,
09773113,Bächingen an der Brenz,,
09377112,Bärnau,,
09190117,Böbing,,
09778119,Böhen,,
09576117,Büchenbach,,
09275119,Büchlberg,,
09678451,Bürgerwald,,
09676116,Bürgstadt,,
09573114,Cadolzburg,,
09473452,Callenberger Forst-West,,
09675116,Castell,,
09372116,Cham,,
09372117,Chamerau,,
09189114,Chieming,,
09189451,Chiemsee,,
09187123,Chiemsee,,
09463000,Coburg,,
09676117,Collenberg,,
09571130,Colmberg,,
09174115,Dachau,,
09575117,Dachsbach,,
09779129,Daiting,,
09671160,Dammbach,,
09771122,Dasing,,
09576452,Dechenwald,,
09271119,Deggendorf,,
09779130,Deiningen,,
09774124,Deisenhausen,,
09176120,Denkendorf,,
09571132,Dentlein am Forst,,
09675117,Dettelbach,,
09375127,Deuerling,,
09571134,Diebach,,
09772130,Diedorf,,
09575118,Diespeck,,
09571135,Dietenhofen,,
09277114,Dietersburg,,
09575119,Dietersheim,,
09376122,Dieterskirchen,,
09780119,Dietmannsried,,
09173118,Dietramszell,,
09181114,Dießen am Ammersee,,
09773125,Dillingen an der Donau,,
09279112,Dingolfing,,
09678122,Dingolshausen,,
09571136,Dinkelsbühl,,
09772131,Dinkelscherben,,
09778127,Dirlewang,,
09678123,Dittelbrunn,,
09577122,Dittenheim,,
09176121,Dollnstein,,
09571137,Dombühl,,
09375130,Donaustauf,,
09779131,Donauwörth,,
09177115,Dorfen,,
09676118,Dorfprozelten,,
09474119,Dormitz,,
09572453,Dormitzer Forst,,
09779452,Dornstadt-Linkersbaindt,,
09672451,Dreistelzer Forst,,
09375131,Duggendorf,,
09780120,Durach,,
09473120,Dörfles-Esbach,,
09273451,Dürnbucher Forst,,
09774127,Dürrlauingen,,
09571139,Dürrwangen,,
09674129,Ebelsbach,,
09478120,Ebensfeld,,
09371118,Ebermannsdorf,,
09474121,Ebermannstadt,,
09175115,Ebersberg,,
09175452,Ebersberger Forst,,
09473121,Ebersdorf bei Coburg,,
09774129,Ebershausen,,
09774451,Ebershauser-Nattenhauser Wald,,
09377115,Ebnath,,
09471128,Ebrach,,
09471452,Ebracher Forst,,
09274124,Eching,,
09178120,Eching,,
09181115,Eching am Ammersee,,
09172452,Eck,,
09572121,Eckental,,
09472131,Eckersdorf,,
09371119,Edelsfeld,,
09779136,Ederheim,,
09187124,Edling,,
09474122,Effeltrich,,
09179117,Egenhofen,,
09778130,Egg an der Günz,,
09277116,Eggenfelden,,
09777124,Eggenthal,,
09277117,Egglham,,
09183115,Egglkofen,,
09187125,Eggstätt,,
09275120,Eging am See,,
09190121,Eglfing,,
09175453,Eglhartinger Forst,,
09173120,Egling,,
09181116,Egling an der Paar,,
09474124,Egloffstein,,
09175116,Egmating,,
09185127,Ehekirchen,,
09571141,Ehingen,,
09772134,Ehingen,,
09779138,Ehingen am Ries,,
09371452,Eichen,,
09179118,Eichenau,,
09676119,Eichenbühl,,
09176123,Eichstätt,,
09471453,Eichwald,,
09187126,Eiselfing,,
09777125,Eisenberg,,
09679126,Eisingen,,
09176124,Eitensheim,,
09177116,Eitting,,
09775139,Elchingen,,
09672121,Elfershausen,,
09772136,Ellgau,,
09577125,Ellingen,,
09774133,Ellzee,,
09676121,Elsenfeld,,
09674133,Eltmann,,
09772137,Emersacker,,
09175136,Emmering,,
09179119,Emmering,,
09171114,Emmerting,,
09575121,Emskirchen,,
09189115,Engelsberg,,
09574120,Engelthal,,
09574453,Engelthaler Forst,,
09371120,Ensdorf,,
09272116,Eppenschlag,,
09778134,Eppishausen,,
09377116,Erbendorf,,
09177117,Erding,,
09174118,Erdweg,,
09181118,Eresing,,
09274126,Ergolding,,
09274127,Ergoldsbach,,
09183116,Erharting,,
09277118,Ering,,
09778136,Erkheim,,
09679128,Erlabrunn,,
09562000,Erlangen,,
09171115,Erlbach,,
09572454,Erlenstegener Forst,,
09674223,Ermershausen,,
09186116,Ernsgaden,,
09676123,Eschau,,
09180114,Eschenlohe,,
09372124,Eschlkam,,
09374118,Eslarn,,
09677126,Esselbach,,
09274128,Essenbach,,
09779453,Esterholz,,
09180451,Ettaler Forst,,
09577127,Ettenstatt,,
09778137,Ettringen,,
09371140,Etzelwang,,
09374119,Etzenricht,,
09678128,Euerbach,,
09672122,Euerdorf,,
09771129,Eurasburg,,
09173123,Eurasburg,,
09677127,Eußenheim,,
09178123,Fahrenzhausen,,
09277119,Falkenberg,,
09377117,Falkenberg,,
09278120,Falkenfels,,
09372125,Falkenstein,,
09180116,Farchant,,
09171116,Feichten an der Alz,,
09475123,Feilitzsch,,
09188118,Feldafing,,
09184118,Feldkirchen,,
09278121,Feldkirchen,,
09187130,Feldkirchen-Westerham,,
09778139,Fellheim,,
09376125,Fensterbach,,
09574123,Feucht,,
09574454,Feuchter Forst,,
09472138,Fichtelberg,,
09472453,Fichtelberg Gemeindefreies Gebiet,,
09181120,Finning,,
09177118,Finsing,,
09772141,Fischach,,
09574455,Fischbach,,
09182114,Fischbachau,,
09780121,Fischen im Allgäu,,
09571146,Flachslanden,,
09673123,Fladungen,,
09187131,Flintsbach am Inn,,
09374121,Floß,,
09474126,Forchheim,,
09779146,Forheim,,
09677453,Forst Aura,,
09672454,Forst Detter-Süd,,
09671451,Forst Hain im Spessart,,
09677454,Forst Lohrerstraße,,
09472454,Forst Neustädtlein am Forst,,
09673453,Forst Schmalwasser-Nord,,
09673454,Forst Schmalwasser-Süd,,
09475451,Forst Schwarzenbach am Wald,,
09572455,Forst Tennenlohe,,
09184452,Forstenrieder Park,,
09177119,Forstern,,
09574456,Forsthof,,
09375451,Forstmühler Forst,,
09676452,Forstwald,,
09677129,Frammersbach,,
09677455,Frammersbacher Forst,,
09678130,Frankenwinheim,,
09187132,Frasdorf,,
09276121,Frauenau,,
09272452,Frauenberger und Duschlberger Wald,,
09273452,Frauenforst,,
09175119,Frauenneuharting,,
09371121,Freihung,,
09172118,Freilassing,,
09178124,Freising,,
09779147,Fremdingen,,
09471131,Frensdorf,,
09371122,Freudenberg,,
09373126,Freystadt,,
09272118,Freyung,,
09189118,Fridolfing,,
09771130,Friedberg,,
09777128,Friesenried,,
09279115,Frontenhausen,,
09377119,Fuchsmühl,,
09672124,Fuchsstadt,,
09181121,Fuchstal,,
09274132,Furth,,
09779148,Fünfstetten,,
09272119,Fürsteneck,,
09179121,Fürstenfeldbruck,,
09275122,Fürstenzell,,
09677456,Fürstlich Löwensteinscher Park,,
09563000,Fürth,,
09777129,Füssen,,
09772145,Gablingen,,
09176126,Gaimersheim,,
09173124,Gaißach,,
09575124,Gallmersgarten,,
09178125,Gammelsdorf,,
09277121,Gangkofen,,
09171117,Garching an der Alz,,
09184119,Garching bei München,,
09180117,Garmisch-Partenkirchen,,
09183118,Gars am Inn,,
09679134,Gaukönigshofen,,
09188120,Gauting,,
09371123,Gebenbach,,
09472139,Gefrees,,
09678452,Geiersberg,,
09672455,Geiersnest-Ost,,
09672456,Geiersnest-West,,
09471454,Geisberger Forst,,
09671119,Geiselbach,,
09278123,Geiselhöring,,
09675127,Geiselwind,,
09186122,Geisenfeld,,
09274134,Geisenhausen,,
09679135,Gelchsheim,,
09678132,Geldersheim,,
09473453,Gellnhausen,,
09181122,Geltendorf,,
09576453,Gemarkung Forst Kleinschwarzenlohe,,
09672458,Gemeindefreies Gebiet Kälberberg,,
09574461,gemeindefreies Gebiet Leinburg,,
09677131,Gemünden am Main,,
09779149,Genderkingen,,
09374123,Georgenberg,,
09576121,Georgensgmünd,,
09471133,Gerach,,
09277122,Geratskirchen,,
09679136,Gerbrunn,,
09173126,Geretsried,,
09475452,Gerlaser Forst,,
09777130,Germaringen,,
09179123,Germering,,
09475453,Geroldsgrüner Forst,,
09679137,Geroldshausen,,
09186125,Gerolsbach,,
09678134,Gerolzhofen,,
09772147,Gersthofen,,
09274135,Gerzen,,
09572456,Geschaidt,,
09472140,Gesees,,
09772148,Gessertshausen,,
09776112,Gestratz,,
09679138,Giebelstadt,,
09188121,Gilching,,
09472141,Glashütten,,
09472456,Glashüttener Forst,,
09671120,Glattbach,,
09376131,Gleiritsch,,
09372128,Gleißenberg,,
09175121,Glonn,,
09773133,Glött,,
09577133,Gnotzheim,,
09678135,Gochsheim,,
09671121,Goldbach,,
09472143,Goldkronach,,
09575127,Gollhofen,,
09279116,Gottfrieding,,
09772149,Graben,,
09189119,Grabenstätt,,
09272120,Grafenau,,
09678136,Grafenrheinfeld,,
09374124,Grafenwöhr,,
09179125,Grafrath,,
09180118,Grainau,,
09272121,Grainet,,
09272453,Graineter Wald,,
09679451,Gramschatzer Wald,,
09184121,Grasbrunn,,
09189120,Grassau,,
09576122,Greding,,
09181123,Greifenberg,,
09173127,Greiling,,
09678138,Grettstadt,,
09679141,Greußenheim,,
09187134,Griesstätt,,
09772151,Großaitingen,,
09673126,Großbardorf,,
09673127,Großeibstadt,,
09572127,Großenseebach,,
09672457,Großer Auersberg,,
09573115,Großhabersdorf,,
09676125,Großheubach,,
09187137,Großkarolinenfeld,,
09675131,Großlangheim,,
09671122,Großostheim,,
09180119,Großweil,,
09473134,Grub am Forst,,
09184120,Gräfelfing,,
09677133,Gräfendorf,,
09179126,Gröbenzell,,
09776113,Grünenbach,,
09184122,Grünwald,,
09184454,Grünwalder Forst,,
09187138,Gstadt am Chiemsee,,
09471137,Gundelsheim,,
09774136,Gundremmingen,,
09577136,Gunzenhausen,,
09376133,Guteneck,,
09575128,Gutenstetten,,
09477118,Guttenberg,,
09679452,Guttenberger Wald,,
09674139,Gädheim,,
09777131,Görisried,,
09474129,Gößweinstein,,
09574457,Günthersbühler Forst,,
09178129,Haag an der Amper,,
09183119,Haag in Oberbayern,,
09184123,Haar,,
09275125,Haarbach,,
09190126,Habach,,
09273453,Hacklberg,,
09575129,Hagenbüchach,,
09371126,Hahnbach,,
09278129,Haibach,,
09671124,Haibach,,
09272122,Haidmühle,,
09574458,Haimendorfer Forst,,
09174121,Haimhausen,,
09171118,Haiming,,
09779154,Hainsfarth,,
09777173,Halblech,,
09774140,Haldenwang,,
09780122,Haldenwang,,
09187139,Halfing,,
09178130,Hallbergmoos,,
09471140,Hallstadt,,
09171119,Halsbach,,
09672127,Hammelburg,,
09574128,Happurg,,
09779155,Harburg (Schwaben),,
09574129,Hartenstein,,
09278134,Haselbach,,
09677137,Hasloch,,
09179128,Hattenhofen,,
09577138,Haundorf,,
09773137,Haunsheim,,
09176451,Haunstetter Forst,,
09471455,Hauptsmoor,,
09677457,Haurain,,
09273125,Hausen,,
09474134,Hausen,,
09676128,Hausen,,
09673129,Hausen,,
09182119,Hausham,,
09275126,Hauzenberg,,
09778149,Hawangen,,
09674147,Haßfurt,,
09277124,Hebertsfelden,,
09576454,Heidenberg,,
09671126,Heigenbrücken,,
09471142,Heiligenstadt in Oberfranken,,
09571165,Heilsbronn,,
09671127,Heimbuchenthal,,
09776114,Heimenkirch,,
09778150,Heimertingen,,
09472150,Heinersreuth,,
09374451,Heinersreuther Forst,,
09472458,Heinersreuther Forst,,
09671128,Heinrichsthal,,
09671453,Heinrichsthaler Forst,,
09183120,Heldenstein,,
09475136,Helmbrechts,,
09679144,Helmstadt,,
09572130,Hemhofen,,
09575130,Hemmersheim,,
09673130,Hendungen,,
09574131,Henfenfeld,,
09271125,Hengersberg,,
09772156,Heretsried,,
09776131,Hergatz,,
09776115,Hergensweiler,,
09474135,Heroldsbach,,
09572131,Heroldsberg,,
09571166,Herrieden,,
09273127,Herrngiersdorf,,
09677458,Herrnwald,,
09188124,Herrsching am Ammersee,,
09574132,Hersbruck,,
09572132,Herzogenaurach,,
09474137,Hetzles,,
09572133,Heßdorf,,
09273454,Hienheimer Forst,,
09174147,Hilgertshausen-Tandern,,
09576127,Hilpoltstein,,
09772157,Hiltenfingen,,
09474138,Hiltpoltstein,,
09477121,Himmelkron,,
09272126,Hinterschmiding,,
09471145,Hirschaid,,
09371127,Hirschau,,
09371128,Hirschbach,,
09478127,Hochstadt am Main,,
09464000,Hof,,
09674149,Hofheim in Unterfranken,,
09275127,Hofkirchen,,
09181124,Hofstetten,,
09676455,Hohe Wart,,
09779162,Hohenaltheim,,
09272127,Hohenau,,
09479127,Hohenberg an der Eger,,
09184129,Hohenbrunn,,
09371129,Hohenburg,,
09373134,Hohenfels,,
09190129,Hohenfurch,,
09178133,Hohenkammer,,
09175123,Hohenlinden,,
09190130,Hohenpeißenberg,,
09177121,Hohenpolding,,
09274141,Hohenthann,,
09771140,Hollenbach,,
09472154,Hollfeld,,
09778151,Holzgünz,,
09779163,Holzheim,,
09775126,Holzheim,,
09773140,Holzheim,,
09375153,Holzheim am Forst,,
09182120,Holzkirchen,,
09679149,Holzkirchen (Würzburg),,
09777135,Hopferau,,
09772159,Horgau,,
09190131,Huglfing,,
09779167,Huisheim,,
09472155,Hummeltal,,
09678453,Hundelshausen,,
09278139,Hunderdorf,,
09271126,Hunding,,
09181126,Hurlach,,
09275128,Hutthurm,,
09773139,Höchstädt an der Donau,,
09479126,Höchstädt im Fichtelgebirge,,
09184127,Höhenkirchen-Siegertsbrunn,,
09178132,Hörgertshausen,,
09671130,Hösbach,,
09577141,Höttingen,,
09774143,Ichenhausen,,
09173130,Icking,,
09190132,Iffeldorf,,
09271127,Iggensbach,,
09181127,Igling,,
09273133,Ihrlerstein,,
09775129,Illertissen,,
09575133,Illesheim,,
09371131,Illschwang,,
09377127,Immenreuth,,
09780124,Immenstadt im Allgäu,,
09771141,Inchenhofen,,
09190133,Ingenried,,
09161000,Ingolstadt,,
09272128,Innernzell,,
09188126,Inning am Ammersee,,
09177122,Inning am Holz,,
09571169,Insingen,,
09189124,Inzell,,
09675139,Iphofen,,
09575134,Ippesheim,,
09575135,Ipsheim,,
09374127,Irchenrieth,,
09278140,Irlbach,,
09182123,Irschenberg,,
09679453,Irtenberger Wald,,
09177123,Isen,,
09184130,Ismaning,,
09473138,Itzgrund,,
09173131,Jachenau,,
09272129,Jandelsbrunn,,
09777140,Jengen,,
09179130,Jesenwang,,
09183122,Jettenbach am Inn,,
09774144,Jettingen-Scheppach,,
09186132,Jetzendorf,,
09277126,Johanniskirchen,,
09277127,Julbach,,
09671134,Kahl am Main,,
09479453,Kaiserhammer Forst-Ost,,
09779169,Kaisheim,,
09572137,Kalchreuth,,
09572457,Kalchreuther Forst,,
09777141,Kaltental,,
09774145,Kammeltal,,
09576128,Kammerstein,,
09778180,Kammlach,,
09677146,Karbach,,
09174126,Karlsfeld,,
09185139,Karlshuld,,
09185140,Karlskron,,
09677148,Karlstadt am Main,,
09671114,Karlstein am Main,,
09677149,Karsbach,,
09477124,Kasendorf,,
09171121,Kastl,,
09371132,Kastl,,
09377128,Kastl,,
09762000,Kaufbeuren,,
09181128,Kaufering,,
09775132,Kellmünz an der Iller,,
09471150,Kemmern,,
09377129,Kemnath,,
09763000,Kempten (Allgäu),,
09780451,Kempter Wald,,
09778221,Kettershausen,,
09189126,Kienberg,,
09181129,Kinsau,,
09176138,Kipfenberg,,
09189127,Kirchanschöring,,
09177124,Kirchberg,,
09273139,Kirchdorf,,
09277128,Kirchdorf am Inn,,
09178136,Kirchdorf an der Amper,,
09374128,Kirchendemenreuth,,
09479129,Kirchenlamitz,,
09472156,Kirchenpingarten,,
09374129,Kirchenthumbach,,
09275130,Kirchham,,
09778157,Kirchhaslach,,
09679153,Kirchheim,,
09184131,Kirchheim bei München,,
09778158,Kirchheim in Schwaben,,
09674160,Kirchlauter,,
09278141,Kirchroth,,
09175124,Kirchseeon,,
09171122,Kirchweidach,,
09676131,Kirchzell,,
09771142,Kissing,,
09679154,Kist,,
09675141,Kitzingen,,
09772160,Kleinaitingen,,
09675142,Kleinlangheim,,
09671136,Kleinostheim,,
09474144,Kleinsendelbach,,
09676133,Kleinwallstadt,,
09676134,Klingenberg am Main,,
09772162,Klosterlechfeld,,
09674163,Knetzgau,,
09173133,Kochel am See,,
09187150,Kolbermoor,,
09678150,Kolitzheim,,
09377131,Konnersreuth,,
09475142,Konradsreuth,,
09471456,Koppenwinder Forst,,
09179131,Kottgeisering,,
09777144,Kraftisried,,
09572458,Kraftshofer Forst,,
09183124,Kraiburg am Inn,,
09188127,Krailling,,
09178137,Kranzberg,,
09182124,Kreuth,,
09375452,Kreuther Forst,,
09677151,Kreuzwertheim,,
09476145,Kronach,,
09778161,Kronburg,,
09774150,Krumbach,,
09377132,Krummennaab,,
09274145,Kröning,,
09377133,Kulmain,,
09477128,Kulmbach,,
09274146,Kumhausen,,
09474145,Kunreuth,,
09477129,Kupferberg,,
09772167,Kutzenhausen,,
09475141,Köditz,,
09477127,Ködnitz,,
09473454,Köllnholz,,
09674164,Königsberg in Bayern,,
09471151,Königsfeld,,
09371135,Königstein,,
09176139,Kösching,,
09774148,Kötz,,
09771144,Kühbach,,
09772166,Kühlenthal,,
09371136,Kümmersbruck,,
09271128,Künzing,,
09476146,Küps,,
09679156,Kürnach,,
09375162,Laaber,,
09278144,Laberweinting,,
09778162,Lachen,,
09372138,Lam,,
09777145,Lamerdingen,,
09181130,Landsberg am Lech,,
09179132,Landsberied,,
09577148,Langenaltheim,,
09178138,Langenbach,,
09476453,Langenbacher Forst,,
09575138,Langenfeld,,
09185143,Langenmosen,,
09772168,Langenneufnach,,
09177126,Langenpreising,,
09677459,Langenprozeltener Forst,,
09474146,Langensendelbach,,
09573120,Langenzenn,,
09772170,Langerringen,,
09273141,Langquaid,,
09772171,Langweid am Lech,,
09780125,Lauben,,
09778163,Lauben,,
09676135,Laudenbach,,
09574138,Lauf an der Pegnitz,,
09671139,Laufach,,
09574460,Laufamholzer Forst,,
09172122,Laufen,,
09773143,Laugna,,
09773144,Lauingen,,
09471152,Lauter,,
09373140,Lauterhofen,,
09473141,Lautertal,,
09778164,Lautrach,,
09777147,Lechbruck am See,,
09778165,Legau,,
09278146,Leiblfing,,
09676136,Leidersbach,,
09679200,Leinach,,
09574139,Leinburg,,
09774155,Leipheim,,
09177127,Lengdorf,,
09777149,Lengenwang,,
09173135,Lenggries,,
09176143,Lenting,,
09377137,Leonberg,,
09272455,Leopoldsreuter Wald,,
09374132,Leuchtenberg,,
09475145,Leupoldsgrün,,
09474147,Leutenbach,,
09571175,Lichtenau,,
09478139,Lichtenfels,,
09471457,Lindach,,
09776116,Lindau,,
09776117,Lindenberg im Allgäu,,
09471154,Lisberg,,
09471155,Litzendorf,,
09183125,Lohkirchen,,
09677155,Lohr am Main,,
09279124,Loiching,,
09278147,Loitzendorf,,
09572139,Lonnerstadt,,
09477135,Ludwigschorgast,,
09476152,Ludwigsstadt,,
09773146,Lutzingen,,
09678153,Lülsfeld,,
09776118,Maierhöfen,,
09779176,Maihingen,,
09671140,Mainaschaff,,
09675144,Mainbernheim,,
09273147,Mainburg,,
09477136,Mainleus,,
09675146,Mainstockheim,,
09179134,Maisach,,
09183126,Maitenbeth,,
09275132,Malching,,
09277131,Malgersdorf,,
09278148,Mallersdorf-Pfaffenberg,,
09179136,Mammendorf,,
09186137,Manching,,
09374452,Manteler Forst,,
09679161,Margetshöchheim,,
09278149,Mariaposching,,
09572459,Mark,,
09577149,Markt Berolzheim,,
09575144,Markt Bibart,,
09675148,Markt Einersheim,,
09575145,Markt Erlbach,,
09174131,Markt Indersdorf,,
09575146,Markt Nordheim,,
09778168,Markt Rettenbach,,
09175127,Markt Schwaben,,
09575147,Markt Taschendorf,,
09778169,Markt Wald,,
09575143,Marktbergel,,
09675147,Marktbreit,,
09677157,Marktheidenfeld,,
09171123,Marktl,,
09477138,Marktleugast,,
09479135,Marktleuthen,,
09777151,Marktoberdorf,,
09779177,Marktoffingen,,
09476183,Marktrodach,,
09172124,Marktschellenberg,,
09477139,Marktschorgast,,
09675149,Marktsteft,,
09478144,Marktzeuln,,
09572141,Marloffstein,,
09674171,Maroldsweisach,,
09189129,Marquartstein,,
09475454,Martinlamitzer Forst-Nord,,
09479455,Martinlamitzer Forst-Süd,,
09675150,Martinsheim,,
09779178,Marxheim,,
09178140,Marzling,,
09277133,Massing,,
09178142,Mauern,,
09777152,Mauerstetten,,
09272134,Mauth,,
09272456,Mauther Forst,,
09376141,Maxhütte-Haidhof,,
09672131,Maßbach,,
09773153,Medlingen,,
09473144,Meeder,,
09779180,Megesheim,,
09472164,Mehlmeisel,,
09171124,Mehring,,
09479456,Meierhöfer Seite,,
09577150,Meinheim,,
09772177,Meitingen,,
09673142,Mellrichstadt,,
09673455,Mellrichstadter Forst,,
09471159,Memmelsdorf,,
09764000,Memmingen,,
09778171,Memmingerberg,,
09279127,Mengkofen,,
09771145,Merching,,
09771146,Mering,,
09779181,Mertingen,,
09671141,Mespelbrunn,,
09271132,Metten,,
09183127,Mettenheim,,
09678157,Michelau im Steigerwald,,
09478145,Michelau in Oberfranken,,
09772178,Mickhausen,,
09182125,Miesbach,,
09372143,Miltach,,
09676139,Miltenberg,,
09778173,Mindelheim,,
09780127,Missen-Wilhams,,
09472166,Mistelbach,,
09472167,Mistelgau,,
09571178,Mitteleschenbach,,
09179137,Mittelstetten,,
09180123,Mittenwald,,
09278151,Mitterfels,,
09277134,Mitterskirchen,,
09377141,Mitterteich,,
09476154,Mitwitz,,
09779186,Monheim,,
09179138,Moorenweis,,
09271135,Moos,,
09175128,Moosach,,
09177130,Moosinning,,
09279128,Moosthenning,,
09672134,Motten,,
09672461,Mottener Forst-Süd,,
09577114,Muhr am See,,
09779188,Munningen,,
09180124,Murnau am Staffelsee,,
09377139,Mähring,,
09773147,Mödingen,,
09572142,Möhrendorf,,
09671143,Mömbris,,
09676140,Mömlingen,,
09676141,Mönchberg,,
09779184,Mönchsdeggingen,,
09571179,Mönchsroth,,
09183451,Mühldorfer Hart,,
09572143,Mühlhausen,,
09373146,Mühlhausen,,
09475154,Münchberg,,
09162000,München,,
09186139,Münchsmünster,,
09575150,Münchsteinach,,
09672135,Münnerstadt,,
09173137,Münsing,,
09779187,Münster,,
09774160,Münsterhausen,,
09376144,Nabburg,,
09479138,Nagel,,
09475156,Naila,,
09178144,Nandlstadt,,
09176149,Nassenfels,,
09577151,Nennslingen,,
09775134,Nersingen,,
09777153,Nesselwang,,
09775135,Neu-Ulm,,
09472463,Neubauer Forst-Nord,,
09479457,Neubauer Forst-Süd,,
09187154,Neubeuern,,
09184146,Neubiberg,,
09679164,Neubrunn,,
09275133,Neuburg am Inn,,
09185149,Neuburg an der Donau,,
09774162,Neuburg an der Kammel,,
09177131,Neuching,,
09477142,Neudrossenfeld,,
09571180,Neuendettelsau,,
09477143,Neuenmarkt,,
09478453,Neuensorger Forst,,
09274153,Neufahrn in Niederbayern,,
09274154,Neufraunhofen,,
09275134,Neuhaus am Inn,,
09575152,Neuhof an der Zenn,,
09278154,Neukirchen,,
09372144,Neukirchen beim Heiligen Blut,,
09373147,Neumarkt in der Oberpfalz,,
09183129,Neumarkt-Sankt Veit,,
09376147,Neunburg vorm Wald,,
09572460,Neunhofer Forst,,
09676143,Neunkirchen,,
09474154,Neunkirchen am Brand,,
09574141,Neunkirchen am Sand,,
09272136,Neureichenau,,
09184132,Neuried,,
09272146,Neuschönau,,
09571181,Neusitz,,
09377143,Neusorg,,
09374139,Neustadt an der Waldnaab,,
09473151,Neustadt bei Coburg,,
09772184,Neusäß,,
09672462,Neuwirtshauser Forst,,
09171125,Neuötting,,
09274156,Niederaichbach,,
09271138,Niederalteich,,
09183130,Niederbergkirchen,,
09473153,Niederfüllbach,,
09376148,Niedermurach,,
09676144,Niedernberg,,
09778177,Niederrieden,,
09779192,Niederschönenfeld,,
09183131,Niedertaufkirchen,,
09678160,Niederwerrn,,
09278159,Niederwinkling,,
09776120,Nonnenhorn,,
09678454,Nonnenkloster,,
09772185,Nordendorf,,
09476159,Nordhalben,,
09675155,Nordheim am Main,,
09189130,Nußdorf,,
09187156,Nußdorf am Inn,,
09672136,Nüdlingen,,
09564000,Nürnberg,,
09180125,Oberammergau,,
09573122,Oberasbach,,
09180126,Oberau,,
09187157,Oberaudorf,,
09183132,Oberbergkirchen,,
09571183,Oberdachstetten,,
09177133,Oberding,,
09176150,Oberdolling,,
09673149,Oberelsbach,,
09771149,Obergriesbach,,
09777154,Obergünzburg,,
09184134,Oberhaching,,
09471165,Oberhaid,,
09190135,Oberhausen,,
09185150,Oberhausen,,
09575155,Oberickelsheim,,
09475158,Oberkotzau,,
09672138,Oberleichtersbach,,
09780131,Obermaiselstein,,
09181131,Obermeitingen,,
09573123,Obermichelbach,,
09675156,Obernbreit,,
09676145,Obernburg am Main,,
09779196,Oberndorf am Lech,,
09183134,Oberneukirchen,,
09275137,Obernzell,,
09575156,Obernzenn,,
09777155,Oberostendorf,,
09772186,Oberottmarshausen,,
09175131,Oberpframmern,,
09271139,Oberpöring,,
09572147,Oberreichenbach,,
09776121,Oberreute,,
09778183,Oberrieden,,
09775452,Oberroggenburger Wald,,
09775141,Oberroth,,
09575157,Oberscheinfeld,,
09184135,Oberschleißheim,,
09278167,Oberschneiding,,
09678164,Oberschwarzach,,
09179140,Oberschweinbach,,
09778184,Oberschönegg,,
09780132,Oberstaufen,,
09780133,Oberstdorf,,
09673151,Oberstreu,,
09190136,Obersöchering,,
09274165,Obersüßbach,,
09183135,Obertaufkirchen,,
09672139,Oberthulba,,
09376151,Oberviechtach,,
09189133,Obing,,
09679170,Ochsenfurt,,
09174135,Odelzhausen,,
09672140,Oerlenbach,,
09779197,Oettingen in Bayern,,
09271140,Offenberg,,
09574145,Offenhausen,,
09774171,Offingen,,
09780134,Ofterschwang,,
09180127,Ohlstadt,,
09571188,Ohrenbach,,
09179142,Olching,,
09672463,Omerz und Roter Berg,,
09776122,Opfenbach,,
09571189,Ornbau,,
09275138,Ortenburg,,
09575451,Osing,,
09271141,Osterhofen,,
09777157,Osterzell,,
09673153,Ostheim vor der Rhön,,
09177134,Ottenhofen,,
09574146,Ottensoos,,
09182127,Otterfing,,
09779198,Otting,,
09778186,Ottobeuren,,
09184136,Ottobrunn,,
09271143,Otzing,,
09780128,Oy-Mittelberg,,
09273159,Painten,,
09189134,Palling,,
09278170,Parkstetten,,
09677461,Partensteiner Forst,,
09262000,Passau,,
09178150,Paunzhausen,,
09472175,Pegnitz,,
09190140,Peiting,,
09190139,Peißenberg,,
09372146,Pemfling,,
09375180,Pentling,,
09190141,Penzberg,,
09181132,Penzing,,
09171126,Perach,,
09278171,Perasdorf,,
09278172,Perkam,,
09184457,Perlacher Forst,,
09272138,Perlesreut,,
09571190,Petersaurach,,
09771155,Petersdorf,,
09174136,Petershausen,,
09189135,Petting,,
09471169,Pettstadt,,
09778187,Pfaffenhausen,,
09174137,Pfaffenhofen an der Glonn,,
09775143,Pfaffenhofen an der Roth,,
09187159,Pfaffing,,
09277138,Pfarrkirchen,,
09674184,Pfarrweisach,,
09375183,Pfatter,,
09274172,Pfeffenhausen,,
09577159,Pfofeld,,
09777158,Pforzen,,
09376153,Pfreimd,,
09777159,Pfronten,,
09272139,Philippsreut,,
09272457,Philippsreuter Wald,,
09172128,Piding,,
09373153,Pilsach,,
09474158,Pinzberg,,
09374146,Pirk,,
09189137,Pittenhart,,
09184138,Planegg,,
09472176,Plankenfels,,
09271146,Plattling,,
09272458,Pleckensteiner Wald,,
09577161,Pleinfeld,,
09171127,Pleiskirchen,,
09374147,Pleystein,,
09175133,Pliening,,
09377146,Plößberg,,
09275141,Pocking,,
09176155,Pollenfeld,,
09190142,Polling,,
09183136,Polling,,
09471172,Pommersfelden,,
09371144,Poppenricht,,
09274174,Postau,,
09373155,Postbauer-Heng,,
09277139,Postmünster,,
09472179,Pottenstein,,
09474160,Poxdorf,,
09472180,Prebitz,,
09190143,Prem,,
09374149,Pressath,,
09477148,Presseck,,
09476164,Pressig,,
09474161,Pretzfeld,,
09187162,Prien am Chiemsee,,
09471173,Priesendorf,,
09181134,Prittriching,,
09187163,Prutting,,
09472464,Prüll,,
09179145,Puchheim,,
09184139,Pullach im Isartal,,
09377148,Pullenreuth,,
09173451,Pupplinger Au,,
09573124,Puschendorf,,
09184140,Putzbrunn,,
09373156,Pyrbaum,,
09190138,Pähl,,
09188137,Pöcking,,
09186144,Pörnbach,,
09372147,Pösing,,
09771156,Pöttmes,,
09374150,Püchersreuth,,
09181141,Pürgen,,
09274176,Q170243,,
09273121,Q174307,,
09375213,Q186132,,
09373112,Q248062,,
09273111,Q255698,,
09180134,Q256364,,
09273163,Q256423,,
09273152,Q269010,,
09273119,Q269304,,
09577162,Q338094,,
09176111,Q355390,,
09375118,Q429492,,
09176112,Q442666,,
09273137,Q494305,,
09273164,Q503693,,
09577158,Q503763,,
09373119,Q503778,,
09273172,Q503945,,
09373121,Q504648,,
09176153,Q505785,,
09176148,Q512114,,
09176118,Q516273,,
09190148,Q518663,,
09176137,Q521544,,
09273165,Q529002,,
09373115,Q529077,,
09376149,Q529176,,
09576137,Q540876,,
09376116,Q545325,,
09471123,Q545388,,
09577140,Q548982,,
09577168,Q572949,,
09176114,Q573230,,
09576113,Q588957,,
09673134,Q589530,,
09176165,Q629503,,
09278177,Rain,,
09779201,Rain,,
09190144,Raisting,,
09577163,Raitenbuch,,
09187164,Ramerberg,,
09778209,Rammingen,,
09172129,Ramsau bei Berchtesgaden,,
09672142,Ramsthal,,
09679175,Randersacker,,
09672143,Rannungen,,
09471174,Rattelsdorf,,
09278178,Rattenberg,,
09183138,Rattenkirchen,,
09278179,Rattiszell,,
09187165,Raubling,,
09674187,Rauhenebrach,,
09183139,Rechtmehring,,
09471175,Reckendorf,,
09478155,Redwitz an der Rodach,,
09362000,Regensburg,,
09475161,Regnitzlosau,,
09475162,Rehau,,
09771158,Rehling,,
09372149,Reichenbach,,
09476166,Reichenbach,,
09679176,Reichenberg,,
09173140,Reichersbeuern,,
09183140,Reichertsheim,,
09181135,Reichling,,
09779203,Reimlingen,,
09279134,Reisbach,,
09171129,Reischach,,
09189139,Reit im Winkl,,
09679177,Remlingen,,
09185153,Rennertshofen,,
09674190,Rentweinsdorf,,
09372150,Rettenbach,,
09774174,Rettenbach,,
09777183,Rettenbach am Auerberg,,
09780137,Rettenberg,,
09277140,Reut,,
09674153,Riedbach,,
09371146,Rieden,,
09777164,Rieden,,
09777163,Rieden am Forggensee,,
09187167,Riedering,,
09180128,Riegsee,,
09375191,Riekofen,,
09677177,Rieneck,,
09372151,Rimbach,,
09277141,Rimbach,,
09679180,Rimpar,,
09187168,Rimsting,,
09272140,Ringelai,,
09677178,Roden,,
09372153,Roding,,
09775149,Roggenburg,,
09576142,Rohr,,
09671456,Rohrbrunner Forst,,
09187169,Rohrdorf,,
09185157,Rohrenfels,,
09777165,Ronsberg,,
09163000,Rosenheim,,
09576143,Roth,,
09671148,Rothenbuch,,
09671457,Rothenbucher Forst,,
09571193,Rothenburg ob der Tauber,,
09677181,Rothenfels,,
09181137,Rott,,
09182129,Rottach-Egern,,
09190145,Rottenbuch,,
09679185,Rottendorf,,
09187451,Rotter Forst-Nord,,
09187452,Rotter Forst-Süd,,
09275143,Rotthalmünster,,
09277142,Roßbach,,
09672466,Roßbacher Forst,,
09777166,Roßhaupten,,
09573125,Roßtal,,
09178122,Rudelzhausen,,
09777167,Ruderatshofen,,
09275144,Ruderting,,
09477151,Rugendorf,,
09189140,Ruhpolding,,
09275145,Ruhstorf an der Rott,,
09372155,Runding,,
09677463,Ruppertshüttener Forst,,
09571192,Röckingen,,
09675161,Rödelsee,,
09473159,Rödental,,
09779206,Rögling,,
09272141,Röhrnbach,,
09676151,Röllbach,,
09672464,Römershager Forst-Nord,,
09672465,Römershager Forst-Ost,,
09479145,Röslau,,
09574152,Röthenbach an der Pegnitz,,
09776124,Röthenbach im Allgäu,,
09678170,Röthlein,,
09576141,Röttenbach,,
09572149,Röttenbach,,
09679182,Röttingen,,
09372154,Rötz,,
09574154,Rückersdorf,,
09574462,Rückersdorfer Forst,,
09777168,Rückholz,,
09676153,Rüdenau,,
09675162,Rüdenhausen,,
09571194,Rügland,,
09273166,Saal an der Donau,,
09673160,Saal an der Saale,,
09172130,Saaldorf-Surheim,,
09571196,Sachsen bei Ansbach,,
09173141,Sachsenkam,,
09671150,Sailauf,,
09671458,Sailaufer Forst,,
09278182,Salching,,
09272142,Saldenburg,,
09778190,Salgen,,
09673161,Salz,,
09275146,Salzweg,,
09187172,Samerberg,,
09673162,Sandberg,,
09278184,Sankt Englmar,,
09272459,Sankt Oswald,,
09272143,Sankt Oswald-Riedlhütte,,
09177137,Sankt Wolfgang,,
09184141,Sauerlach,,
09180129,Saulgrub,,
09274179,Schalkham,,
09271148,Schaufling,,
09187142,Schechen,,
09776125,Scheidegg,,
09575161,Scheinfeld,,
09172454,Schellenberger Forst,,
09176160,Schernfeld,,
09772197,Scherstetten,,
09181138,Scheuring,,
09186151,Scheyern,,
09471185,Scheßlitz,,
09571198,Schillingsfürst,,
09771162,Schiltberg,,
09374154,Schirmitz,,
09374155,Schlammersdorf,,
09189141,Schleching,,
09173142,Schlehdorf,,
09272460,Schlichtenberger Wald,,
09182131,Schliersee,,
09471220,Schlüsselfeld,,
09772451,Schmellerforst,,
09376159,Schmidgaden,,
09371148,Schmidmühlen,,
09771163,Schmiechen,,
09472184,Schnabelwaid,,
09189142,Schnaitsee,,
09574155,Schnaittach,,
09371150,Schnaittenbach,,
09476171,Schneckenlohe,,
09172131,Schneizlreuth,,
09571199,Schnelldorf,,
09181139,Schondorf am Ammersee,,
09672149,Schondra,,
09187173,Schonstett,,
09571200,Schopfloch,,
09372158,Schorndorf,,
09185158,Schrobenhausen,,
09565000,Schwabach,,
09190149,Schwabbruck,,
09174143,Schwabhausen,,
09190151,Schwabsoien,,
09574156,Schwaig bei Nürnberg,,
09180131,Schwaigen,,
09376161,Schwandorf,,
09678175,Schwanfeld,,
09777169,Schwangau,,
09576132,Schwanstetten,,
09278187,Schwarzach,,
09675165,Schwarzach am Main,,
09376162,Schwarzach bei Nabburg,,
09475168,Schwarzenbach an der Saale,,
09376163,Schwarzenfeld,,
09376164,Schwarzhofen,,
09662000,Schweinfurt,,
09773164,Schwenningen,,
09181140,Schwifting,,
09184142,Schäftlarn,,
09272145,Schöfweg,,
09671152,Schöllkrippen,,
09671459,Schöllkrippener Forst,,
09271149,Schöllnach,,
09277144,Schönau,,
09172132,Schönau am Königssee,,
09673163,Schönau an der Brend,,
09574463,Schönberg,,
09272147,Schönberg,,
09183143,Schönberg,,
09471186,Schönbrunn im Steigerwald,,
09272461,Schönbrunner Wald,,
09179147,Schöngeising,,
09376160,Schönsee,,
09372157,Schönthal,,
09479150,Schönwald,,
09188132,Seefeld,,
09777170,Seeg,,
09180132,Seehausen am Staffelsee,,
09189143,Seeon-Seebruck,,
09190152,Seeshaupt,,
09675166,Segnitz,,
09675167,Seinsheim,,
09479152,Selb,,
09475171,Selbitz,,
09471459,Semberg,,
09373159,Sengenthal,,
09678178,Sennfeld,,
09373160,Seubersdorf in der Oberpfalz,,
09472188,Seybothenreuth,,
09473165,Seßlach,,
09189145,Siegsdorf,,
09771165,Sielenbach,,
09776126,Sigmarszell,,
09279135,Simbach,,
09277145,Simbach am Inn,,
09574158,Simmelsdorf,,
09575163,Simmershofen,,
09679187,Sommerhausen,,
09671153,Sommerkahl,,
09679188,Sonderhofen,,
09673167,Sondheim vor der Rhön,,
09473166,Sonnefeld,,
09275148,Sonnen,,
09778196,Sontheim,,
09780139,Sonthofen,,
09576455,Soos,,
09187176,Soyen,,
09576147,Spalt,,
09572154,Spardorf,,
09475174,Sparneck,,
09180133,Spatzenhausen,,
09472190,Speichersdorf,,
09374157,Speinshart,,
09374458,Speinsharter Forst,,
09272149,Spiegelau,,
09471189,Stadelhofen,,
09376167,Stadlern,,
09772202,Stadtbergen,,
09676158,Stadtprozelten,,
09477156,Stadtsteinach,,
09278189,Stallwang,,
09475175,Stammbach,,
09176161,Stammham,,
09171130,Stammham,,
09372161,Stamsried,,
09188139,Starnberg,,
09188451,Starnberger See,,
09189146,Staudach-Egerndach,,
09471191,Stegaurach,,
09573127,Stein,,
09278190,Steinach,,
09673456,Steinacher Forst rechts der Saale,,
09471460,Steinachsrangen,,
09476175,Steinbach am Wald,,
09376168,Steinberg am See,,
09771168,Steindorf,,
09677186,Steinfeld,,
09190154,Steingaden,,
09175137,Steinhöring,,
09177138,Steinkirchen,,
09571205,Steinsfeld,,
09476177,Steinwiesen,,
09187177,Stephanskirchen,,
09271151,Stephansposching,,
09778199,Stetten,,
09674201,Stettfeld,,
09776127,Stiefenhofen,,
09476178,Stockheim,,
09673170,Stockheim,,
09671155,Stockstadt am Main,,
09775454,Stoffenrieder Forst,,
09678455,Stollbergerforst,,
09263000,Straubing,,
09184144,Straßlach-Dingharting,,
09471195,Strullendorf,,
09277147,Stubenberg,,
09376169,Stulln,,
09374158,Störnstein,,
09777171,Stötten am Auerberg,,
09777172,Stöttwang,,
09575165,Sugenheim,,
09676160,Sulzbach am Main,,
09371151,Sulzbach-Rosenberg,,
09780140,Sulzberg,,
09673172,Sulzdorf an der Lederhecke,,
09174146,Sulzemoos,,
09673173,Sulzfeld,,
09675170,Sulzfeld am Main,,
09673457,Sulzfelder Forst,,
09678183,Sulzheim,,
09672155,Sulzthal,,
09189148,Surberg,,
09187174,Söchtenau,,
09189149,Tacherting,,
09189150,Taching am See,,
09779217,Tagmersheim,,
09277148,Tann,,
09779218,Tapfheim,,
09679192,Tauberrettersheim,,
09184145,Taufkirchen,,
09183145,Taufkirchen,,
09177139,Taufkirchen (Vils),,
09182132,Tegernsee,,
09172134,Teisendorf,,
09171131,Teising,,
09476179,Tettau,,
09275149,Tettenweis,,
09376170,Teublitz,,
09273175,Teugn,,
09376171,Teunz,,
09181142,Thaining,,
09576148,Thalmässing,,
09774185,Thannhausen,,
09376172,Thanstein,,
09577172,Theilenhofen,,
09374160,Theisseil,,
09772207,Thierhaupten,,
09479158,Thiersheim,,
09479159,Thierstein,,
09672157,Thundorf in Unterfranken,,
09272150,Thurmansbang,,
09477157,Thurnau,,
09275150,Thyrnau,,
09677189,Thüngen,,
09679194,Thüngersheim,,
09274182,Tiefenbach,,
09275151,Tiefenbach,,
09372163,Tiefenbach,,
09377154,Tirschenreuth,,
09176164,Titting,,
09275152,Tittling,,
09189152,Tittmoning,,
09771169,Todtenweis,,
09374148,Trabitz,,
09273177,Train,,
09372164,Traitsching,,
09189154,Traunreut,,
09189155,Traunstein,,
09376173,Trausnitz,,
09575166,Trautskirchen,,
09477158,Trebgast,,
09577173,Treuchtlingen,,
09277149,Triftern,,
09475182,Trogen,,
09778202,Trunkelsberg,,
09479161,Tröstau,,
09479459,Tröstauer Forst-Ost,,
09479460,Tröstauer Forst-West,,
09476182,Tschirn,,
09187179,Tuntenhausen,,
09778204,Tussenhausen,,
09188141,Tutzing,,
09171134,Tyrlaching,,
09374159,Tännesberg,,
09171132,Töging am Inn,,
09475181,Töpen,,
09179149,Türkenfeld,,
09778203,Türkheim,,
09171133,Tüßling,,
09575167,Uehlfeld,,
09575168,Uffenheim,,
09778205,Ungerhausen,,
09778451,Ungerhauser Wald,,
09180135,Unterammergau,,
09277151,Unterdietfurt,,
09181143,Unterdießen,,
09778207,Unteregg,,
09571451,Unterer Wald,,
09184147,Unterföhring,,
09275153,Untergriesbach,,
09184148,Unterhaching,,
09474168,Unterleinleiter,,
09772209,Untermeitingen,,
09674210,Untermerzbach,,
09171135,Unterneukirchen,,
09679201,Unterpleichfeld,,
09183147,Unterreit,,
09775455,Unterroggenburger Wald,,
09775161,Unterroth,,
09184149,Unterschleißheim,,
09473170,Untersiemau,,
09477159,Untersteinach,,
09777175,Unterthingau,,
09189160,Unterwössen,,
09777176,Untrasried,,
09371154,Ursensollen,,
09772211,Ustersbach,,
09572158,Uttenreuth,,
09181144,Utting am Ammersee,,
09189161,Vachendorf,,
09182133,Valley,,
09175132,Vaterstetten,,
09573130,Veitsbronn,,
09679202,Veitshöchheim,,
09373167,Velburg,,
09274183,Velden,,
09472468,Veldensteiner Forst,,
09572159,Vestenbergsgreuth,,
09276144,Viechtach,,
09471207,Viereth-Trunstadt,,
09174150,Vierkirchen,,
09181133,Vilgertshofen,,
09773179,Villenbach,,
09274184,Vilsbiburg,,
09371156,Vilseck,,
09274185,Vilsheim,,
09275154,Vilshofen an der Donau,,
09187181,Vogtareuth,,
09186158,Vohburg an der Donau,,
09374162,Vohenstrauß,,
09675174,Volkach,,
09678456,Vollburg,,
09374163,Vorbach,,
09479461,Vordorfer Forst,,
09775162,Vöhringen,,
09182134,Waakirchen,,
09777177,Waal,,
09572160,Wachenroth,,
09173145,Wackersberg,,
09376175,Wackersdorf,,
09372168,Waffenbrunn,,
09189162,Waging am See,,
09189452,Waginger See,,
09472469,Waidacher Forst,,
09374164,Waidhaus,,
09185166,Waidhofen,,
09678190,Waigolshausen,,
09472197,Waischenfeld,,
09777179,Wald,,
09372169,Wald,,
09671156,Waldaschaff,,
09671460,Waldaschaffer Forst,,
09679204,Waldbrunn,,
09679205,Waldbüttelbrunn,,
09372170,Walderbach,,
09377157,Waldershof,,
09672468,Waldfensterer Forst,,
09272463,Waldhäuserwald,,
09272151,Waldkirchen,,
09183148,Waldkraiburg,,
09372171,Waldmünchen,,
09377158,Waldsassen,,
09774191,Waldstetten,,
09374165,Waldthurn,,
09772214,Walkertshofen,,
09476184,Wallenfels,,
09271152,Wallerfing,,
09279137,Wallersdorf,,
09779224,Wallerstein,,
09180136,Wallgau,,
09177142,Walpertskirchen,,
09780143,Waltenhofen,,
09178155,Wang,,
09472198,Warmensteinach,,
09472470,Warmensteinacher Forst-Nord,,
09182136,Warngau,,
09177143,Wartenberg,,
09776128,Wasserburg,,
09187182,Wasserburg am Inn,,
09678192,Wasserlosen,,
09571214,Wassertrüdingen,,
09471209,Wattendorf,,
09275156,Wegscheid,,
09671157,Weibersbrunn,,
09185168,Weichering,,
09174151,Weichs,,
09363000,Weiden in der Oberpfalz,,
09571216,Weidenbach,,
09472199,Weidenberg,,
09473174,Weidhausen bei Coburg,,
09376176,Weiding,,
09372174,Weiding,,
09371157,Weigendorf,,
09673458,Weigler,,
09274187,Weihmichl,,
09181145,Weil,,
09676165,Weilbach,,
09776129,Weiler-Simmerberg,,
09474171,Weilersbach,,
09190157,Weilheim in Oberbayern,,
09571218,Weiltingen,,
09572164,Weisendorf,,
09780144,Weitnau,,
09473175,Weitramsdorf,,
09475184,Weißdorf,,
09476185,Weißenbrunn,,
09577177,Weißenburg in Bayern,,
09775164,Weißenhorn,,
09474173,Weißenohe,,
09776130,Weißensberg,,
09479462,Weißenstadter Forst-Nord,,
09479463,Weißenstadter Forst-Süd,,
09772216,Welden,,
09779228,Wemding,,
09576151,Wendelstein,,
09274188,Weng,,
09376150,Wernberg-Köblitz,,
09678193,Werneck,,
09780145,Wertach,,
09773182,Wertingen,,
09190158,Wessobrunn,,
09777182,Westendorf,,
09778214,Westerheim,,
09577179,Westheim,,
09571222,Wettringen,,
09182137,Weyarn,,
09188144,Weßling,,
09778216,Wiedergeltingen,,
09190159,Wielenbach,,
09377159,Wiesau,,
09671162,Wiesen,,
09675177,Wiesenbronn,,
09671461,Wiesener Forst,,
09278197,Wiesenfelden,,
09375209,Wiesent,,
09474175,Wiesenthau,,
09675178,Wiesentheid,,
09474176,Wiesenttal,,
09571223,Wieseth,,
09677200,Wiesthal,,
09780146,Wiggensbach,,
09571224,Wilburgstetten,,
09273181,Wildenberg,,
09672163,Wildflecken,,
09780147,Wildpoldsried,,
09190160,Wildsteig,,
09575181,Wilhelmsdorf,,
09476189,Wilhelmsthal,,
09573133,Wilhermsdorf,,
09675179,Willanzheim,,
09181146,Windach,,
09278198,Windberg,,
09571225,Windelsbach,,
09275159,Windorf,,
09171137,Winhöring,,
09574464,Winkelhaid,,
09574164,Winkelhaid,,
09471461,Winkelhofer Forst,,
09376178,Winklarn,,
09679206,Winterhausen,,
09778217,Winterrieden,,
09271153,Winzer,,
09774452,Winzerwald,,
09678196,Wipfeld,,
09477163,Wirsberg,,
09571227,Wittelshofen,,
09277152,Wittibreut,,
09773183,Wittislingen,,
09275160,Witzmannsberg,,
09376455,Wolferlohe,,
09178156,Wolfersdorf,,
09779231,Wolferstadt,,
09778218,Wolfertschwenden,,
09173147,Wolfratshausen,,
09173452,Wolfratshauser Forst,,
09673183,Wollbach,,
09186162,Wolnzach,,
09674219,Wonfurt,,
09189165,Wonneberg,,
09477164,Wonsees,,
09778219,Woringen,,
09479169,Wunsiedel,,
09277153,Wurmannsquick,,
09274193,Wurmsham,,
09678457,Wustvieler Forst,,
09571228,Wörnitz,,
09177144,Wörth,,
09676169,Wörth am Main,,
09274191,Wörth an der Isar,,
09188145,Wörthsee,,
09673184,Wülfershausen an der Saale,,
09663000,Würzburg,,
09276146,Zachenberg,,
09372177,Zandt,,
09183151,Zangberg,,
09471214,Zapfendorf,,
09674221,Zeil am Main,,
09277154,Zeilarn,,
09672166,Zeitlofs,,
09372167,Zell,,
09677203,Zellingen,,
09272152,Zenting,,
09574465,Zerzabelshofer Forst,,
09774198,Ziemetshausen,,
09773186,Ziertheim,,
09573134,Zirndorf,,
09178157,Zolling,,
09175139,Zorneding,,
09773188,Zusamaltheim,,
09772223,Zusmarshausen,,
09276148,Zwiesel,,
09773187,Zöschingen,,
09471462,Zückshuter Forst,,
09189159,Übersee,,
09678186,Üchtelhausen,,
